{"cameraMode":{"drawMode":0,"name":"Shaded","section":"Shading Mode"},"sceneLighting":false,"audioPlay":false,"sceneViewState":{"m_AlwaysRefresh":false,"showFog":true,"showSkybox":false,"showFlares":true,"showImageEffects":true,"showParticleSystems":true,"showVisualEffectGraphs":true,"m_FxEnabled":true},"in2DMode":false,"pivot":{"x":-0.000015661586076021194,"y":1.309779167175293,"z":-0.0000779964029788971},"rotation":{"x":-0.16592508554458619,"y":0.15811997652053834,"z":-0.02696830965578556,"w":-0.9730393290519714},"size":0.002117327880114317,"orthographic":false}