{"cameraMode":{"drawMode":0,"name":"Shaded","section":"Shading Mode"},"sceneLighting":false,"audioPlay":false,"sceneViewState":{"m_AlwaysRefresh":false,"showFog":true,"showSkybox":false,"showFlares":true,"showImageEffects":true,"showParticleSystems":true,"showVisualEffectGraphs":true,"m_FxEnabled":true},"in2DMode":false,"pivot":{"x":4.061308860778809,"y":-0.30824390053749087,"z":0.0648062452673912},"rotation":{"x":-0.18033404648303986,"y":-0.719205915927887,"z":0.20277665555477143,"w":-0.6396207809448242},"size":0.40768158435821535,"orthographic":false}