{"cameraMode":{"drawMode":0,"name":"Shaded","section":"Shading Mode"},"sceneLighting":false,"audioPlay":false,"sceneViewState":{"m_AlwaysRefresh":false,"showFog":true,"showSkybox":false,"showFlares":true,"showImageEffects":true,"showParticleSystems":true,"showVisualEffectGraphs":true,"m_FxEnabled":true},"in2DMode":false,"pivot":{"x":-0.1583843231201172,"y":-0.26776909828186037,"z":0.11755704879760742},"rotation":{"x":-0.16211673617362977,"y":0.02869865857064724,"z":-0.004769048187881708,"w":-0.9863899350166321},"size":5.259328842163086,"orthographic":false}